GROUP,PACKAGE,CLASS,INSTRUCTION_MISSED,INSTRUCTION_COVERED,BRANCH_MISSED,BRANCH_COVERED,LINE_MISSED,LINE_COVERED,COMPLEXITY_MISSED,COMPLEXITY_COVERED,METHOD_MISSED,METHOD_COVERED
kafka-ui-api,com.provectus.kafka.ui.service.rbac.extractor,OauthAuthorityExtractor,215,0,16,0,54,0,21,0,13,0
kafka-ui-api,com.provectus.kafka.ui.service.rbac.extractor,RbacLdapAuthoritiesExtractor,173,0,2,0,32,0,12,0,11,0
kafka-ui-api,com.provectus.kafka.ui.service.rbac.extractor,GithubAuthorityExtractor.new ParameterizedTypeReference() {...},6,0,0,0,1,0,1,0,1,0
kafka-ui-api,com.provectus.kafka.ui.service.rbac.extractor,GithubAuthorityExtractor.new ParameterizedTypeReference() {...},6,0,0,0,1,0,1,0,1,0
kafka-ui-api,com.provectus.kafka.ui.service.rbac.extractor,CognitoAuthorityExtractor,139,0,6,0,34,0,16,0,13,0
kafka-ui-api,com.provectus.kafka.ui.service.rbac.extractor,GithubAuthorityExtractor,437,0,12,0,109,0,39,0,33,0
kafka-ui-api,com.provectus.kafka.ui.service.rbac.extractor,GoogleAuthorityExtractor,134,0,6,0,32,0,15,0,12,0
kafka-ui-api,com.provectus.kafka.ui.util,ApplicationMetrics,17,112,1,1,5,29,3,8,2,8
kafka-ui-api,com.provectus.kafka.ui.util,DynamicConfigOperations,108,242,7,13,25,57,11,16,4,13
kafka-ui-api,com.provectus.kafka.ui.util,DynamicConfigOperations.PropertiesStructure.Auth,125,0,22,0,4,0,21,0,10,0
kafka-ui-api,com.provectus.kafka.ui.util,KafkaServicesValidation,237,0,4,0,69,0,15,0,13,0
kafka-ui-api,com.provectus.kafka.ui.util,ReactiveFailover.PublisherHolder,4,45,0,4,2,12,0,6,0,4
kafka-ui-api,com.provectus.kafka.ui.util,DynamicConfigOperations.PropertiesStructure.PropertiesStructureBuilder,25,20,0,0,0,1,4,3,4,3
kafka-ui-api,com.provectus.kafka.ui.util,SslPropertiesUtil,18,3,5,1,3,2,3,1,0,1
kafka-ui-api,com.provectus.kafka.ui.util,EmptyRedirectStrategy,79,0,6,0,23,0,9,0,6,0
kafka-ui-api,com.provectus.kafka.ui.util,GithubReleaseInfo,10,55,0,0,0,18,3,7,3,7
kafka-ui-api,com.provectus.kafka.ui.util,DynamicConfigOperations.PropertiesStructure,196,42,38,0,5,11,32,3,13,3
kafka-ui-api,com.provectus.kafka.ui.util,ReactiveFailover,7,289,3,25,2,55,3,31,0,20
kafka-ui-api,com.provectus.kafka.ui.util,ResourceUtil,12,0,0,0,2,0,1,0,1,0
kafka-ui-api,com.provectus.kafka.ui.util,DynamicConfigOperations.new Representer() {...},0,18,0,2,0,4,0,3,0,2
kafka-ui-api,com.provectus.kafka.ui.util,ApplicationRestarter,50,16,2,0,17,5,4,3,3,3
kafka-ui-api,com.provectus.kafka.ui.util,KafkaVersion,11,17,1,1,3,3,1,1,0,1
kafka-ui-api,com.provectus.kafka.ui.util,WebClientConfigurator,92,147,15,13,24,35,12,15,1,12
kafka-ui-api,com.provectus.kafka.ui.util,DynamicConfigOperations.PropertiesStructure.Auth.AuthBuilder,27,0,0,0,1,0,5,0,5,0
kafka-ui-api,com.provectus.kafka.ui.util,GithubReleaseInfo.GithubReleaseDto,0,19,0,0,0,2,0,2,0,2
kafka-ui-api,com.provectus.kafka.ui,KafkaUiApplication,24,3,0,0,6,1,2,1,2,1
kafka-ui-api,com.provectus.kafka.ui.service.ksql,KsqlGrammar,12,56,2,2,3,11,2,4,0,4
kafka-ui-api,com.provectus.kafka.ui.service.ksql,KsqlGrammar.KsqlStatements,56,9,12,0,0,2,9,2,3,2
kafka-ui-api,com.provectus.kafka.ui.service.ksql,KsqlServiceV2,82,172,4,2,15,37,7,10,4,10
kafka-ui-api,com.provectus.kafka.ui.service.ksql,KsqlApiClient.KsqlResponseTable.KsqlResponseTableBuilder,15,30,0,0,0,1,2,5,2,5
kafka-ui-api,com.provectus.kafka.ui.service.ksql,KsqlServiceV2.KsqlExecuteCommand,143,0,28,0,4,0,21,0,7,0
kafka-ui-api,com.provectus.kafka.ui.service.ksql,KsqlGrammar.new BaseErrorListener() {...},6,3,0,0,1,1,1,1,1,1
kafka-ui-api,com.provectus.kafka.ui.service.ksql,KsqlGrammar.CaseInsensitiveStream.new KsqlGrammar.CaseInsensitiveStream() {...},0,16,0,2,0,5,0,3,0,2
kafka-ui-api,com.provectus.kafka.ui.service.ksql,KsqlApiClient.KsqlResponseTable,165,39,33,1,4,6,23,5,6,5
kafka-ui-api,com.provectus.kafka.ui.service.ksql,KsqlApiClient.KsqlRequest,89,15,20,0,0,3,13,3,3,3
kafka-ui-api,com.provectus.kafka.ui.service.ksql,KsqlGrammar.CaseInsensitiveStream,18,33,0,0,0,3,4,7,4,7
kafka-ui-api,com.provectus.kafka.ui.service.ksql,KsqlApiClient,112,214,11,7,25,53,15,10,6,10
kafka-ui-api,com.provectus.kafka.ui.model.rbac.provider,Provider.Name,12,0,0,0,5,0,2,0,2,0
kafka-ui-api,com.provectus.kafka.ui.model.rbac.provider,Provider,44,0,0,0,8,0,2,0,2,0
kafka-ui-api,com.provectus.kafka.ui.config,ClustersProperties.AuditProperties.LogLevel,15,0,0,0,3,0,1,0,1,0
kafka-ui-api,com.provectus.kafka.ui.config,ClustersProperties.AuditProperties,255,41,54,0,1,8,33,12,6,12
kafka-ui-api,com.provectus.kafka.ui.config,ClustersProperties.PollingProperties,143,12,30,0,0,4,22,4,7,4
kafka-ui-api,com.provectus.kafka.ui.config,ClustersProperties,216,140,47,17,7,32,33,18,8,11
kafka-ui-api,com.provectus.kafka.ui.config,ClustersProperties.ConnectCluster.ConnectClusterBuilder,14,49,0,0,0,1,1,8,1,8
kafka-ui-api,com.provectus.kafka.ui.config,ClustersProperties.Masking.Type,0,21,0,0,0,2,0,1,0,1
kafka-ui-api,com.provectus.kafka.ui.config,CustomWebFilter,16,31,3,3,7,5,3,2,0,2
kafka-ui-api,com.provectus.kafka.ui.config,ClustersProperties.ConnectCluster,238,80,54,0,1,10,34,13,7,13
kafka-ui-api,com.provectus.kafka.ui.config,ClustersProperties.SerdeConfig,230,45,54,0,0,7,31,13,4,13
kafka-ui-api,com.provectus.kafka.ui.config,ClustersProperties.SchemaRegistryAuth,104,9,22,0,1,3,17,3,6,3
kafka-ui-api,com.provectus.kafka.ui.config,ClustersProperties.MetricsConfigData,313,0,62,0,9,0,50,0,19,0
kafka-ui-api,com.provectus.kafka.ui.config,ClustersProperties.TruststoreConfig,113,0,22,0,4,0,20,0,9,0
kafka-ui-api,com.provectus.kafka.ui.config,ClustersProperties.Cluster,692,93,154,0,2,18,93,27,16,27
kafka-ui-api,com.provectus.kafka.ui.config,WebclientProperties,80,13,15,1,4,6,13,4,5,4
kafka-ui-api,com.provectus.kafka.ui.config,CorsGlobalConfiguration,6,38,1,1,2,11,1,3,0,3
kafka-ui-api,com.provectus.kafka.ui.config,ClustersProperties.KeystoreConfig,107,15,22,0,3,3,18,3,7,3
kafka-ui-api,com.provectus.kafka.ui.config,ReadOnlyModeFilter,12,69,0,8,2,17,1,7,1,3
kafka-ui-api,com.provectus.kafka.ui.config,ClustersProperties.Masking,274,41,62,0,1,7,38,12,7,12
kafka-ui-api,com.provectus.kafka.ui.config,Config,9,45,1,1,3,11,1,4,0,4
kafka-ui-api,com.provectus.kafka.ui.config,ClustersProperties.KsqldbServerAuth,104,9,22,0,1,3,17,3,6,3
kafka-ui-api,com.provectus.kafka.ui.model.rbac.permission,ConnectAction,5,36,0,0,1,7,1,2,1,2
kafka-ui-api,com.provectus.kafka.ui.model.rbac.permission,AclAction,5,22,0,0,1,5,1,2,1,2
kafka-ui-api,com.provectus.kafka.ui.model.rbac.permission,TopicAction,5,56,0,0,1,10,1,2,1,2
kafka-ui-api,com.provectus.kafka.ui.model.rbac.permission,ConsumerGroupAction,5,29,0,0,1,6,1,2,1,2
kafka-ui-api,com.provectus.kafka.ui.model.rbac.permission,SchemaAction,5,43,0,0,1,8,1,2,1,2
kafka-ui-api,com.provectus.kafka.ui.model.rbac.permission,ApplicationConfigAction,9,18,0,0,2,4,2,1,2,1
kafka-ui-api,com.provectus.kafka.ui.model.rbac.permission,ClusterConfigAction,5,22,0,0,1,5,1,2,1,2
kafka-ui-api,com.provectus.kafka.ui.model.rbac.permission,KsqlAction,21,0,0,0,5,0,3,0,3,0
kafka-ui-api,com.provectus.kafka.ui.model.rbac.permission,AuditAction,20,0,0,0,5,0,3,0,3,0
kafka-ui-api,com.provectus.kafka.ui.service.integration.odd,OddExporter,159,0,4,0,40,0,15,0,13,0
kafka-ui-api,com.provectus.kafka.ui.service.integration.odd,OddExporterScheduler,27,0,0,0,8,0,2,0,2,0
kafka-ui-api,com.provectus.kafka.ui.service.integration.odd,ConnectorsExporter,20,171,0,0,6,35,2,11,2,11
kafka-ui-api,com.provectus.kafka.ui.service.integration.odd,OddIntegrationProperties,155,0,30,0,4,0,26,0,11,0
kafka-ui-api,com.provectus.kafka.ui.service.integration.odd,SchemaReferencesResolver,0,90,0,4,0,17,0,8,0,6
kafka-ui-api,com.provectus.kafka.ui.service.integration.odd,OddIntegrationConfig,20,0,0,0,4,0,4,0,4,0
kafka-ui-api,com.provectus.kafka.ui.service.integration.odd,TopicsExporter,36,265,2,6,3,54,4,19,2,17
kafka-ui-api,com.provectus.kafka.ui.service.integration.odd,ConnectorInfo,288,71,16,6,54,17,23,9,12,7
kafka-ui-api,com.provectus.kafka.ui.service.integration.odd,SchemaReferencesResolver.Resolving,0,36,0,0,0,3,0,3,0,3
kafka-ui-api,com.provectus.kafka.ui.service.integration.odd,Oddrn,9,82,1,1,5,31,2,8,1,8
kafka-ui-api,com.provectus.kafka.ui.service.masking.policies,Remove,0,72,0,6,0,18,0,9,0,6
kafka-ui-api,com.provectus.kafka.ui.service.masking.policies,MaskingPolicy,17,36,5,3,5,8,4,4,0,3
kafka-ui-api,com.provectus.kafka.ui.service.masking.policies,FieldsSelector,0,45,0,8,0,8,0,8,0,4
kafka-ui-api,com.provectus.kafka.ui.service.masking.policies,Mask,22,209,2,17,3,40,3,20,1,11
kafka-ui-api,com.provectus.kafka.ui.service.masking.policies,Replace,21,122,1,9,3,26,2,12,1,8
kafka-ui-api,com.provectus.kafka.ui.service.ksql.response,ResponseParser,258,137,33,24,62,32,33,16,7,4
kafka-ui-api,com.provectus.kafka.ui.service.ksql.response,DynamicParser,22,81,3,1,7,27,3,7,1,7
kafka-ui-api,com.provectus.kafka.ui.mapper,ClusterMapperImpl,272,393,39,21,91,102,36,18,5,12
kafka-ui-api,com.provectus.kafka.ui.mapper,DescribeLogDirsMapper,5,140,2,2,1,28,2,10,0,10
kafka-ui-api,com.provectus.kafka.ui.mapper,KafkaSrMapperImpl,80,167,23,19,38,52,23,15,1,9
kafka-ui-api,com.provectus.kafka.ui.mapper,ConsumerGroupMapper,215,79,11,1,44,15,14,6,6,6
kafka-ui-api,com.provectus.kafka.ui.mapper,ClusterMapper,246,33,27,2,67,8,36,2,11,2
kafka-ui-api,com.provectus.kafka.ui.mapper,KafkaConnectMapper,0,53,0,0,0,16,0,1,0,1
kafka-ui-api,com.provectus.kafka.ui.mapper,KafkaSrMapper,0,34,0,0,0,8,0,1,0,1
kafka-ui-api,com.provectus.kafka.ui.mapper,KafkaConnectMapperImpl,104,477,42,47,45,151,42,33,0,20
kafka-ui-api,com.provectus.kafka.ui.serdes.builtin.sr,MessageFormatter.AvroMessageFormatter,0,39,0,0,0,11,0,2,0,2
kafka-ui-api,com.provectus.kafka.ui.serdes.builtin.sr,Serialize,26,185,1,3,5,46,1,6,0,5
kafka-ui-api,com.provectus.kafka.ui.serdes.builtin.sr,MessageFormatter,0,17,0,0,0,1,0,1,0,1
kafka-ui-api,com.provectus.kafka.ui.serdes.builtin.sr,SchemaRegistrySerde,255,462,20,22,36,100,27,35,11,28
kafka-ui-api,com.provectus.kafka.ui.serdes.builtin.sr,MessageFormatter.ProtobufMessageFormatter,3,22,0,0,1,9,0,2,0,2
kafka-ui-api,com.provectus.kafka.ui.serdes.builtin.sr,SchemaType,0,27,0,0,0,5,0,2,0,2
kafka-ui-api,com.provectus.kafka.ui.serdes.builtin.sr,MessageFormatter.JsonSchemaMessageFormatter,0,19,0,0,0,5,0,2,0,2
kafka-ui-api,com.provectus.kafka.ui.model,InternalConsumerGroup.InternalMember.InternalMemberBuilder,12,42,0,0,0,1,1,7,1,7
kafka-ui-api,com.provectus.kafka.ui.model,CleanupPolicy,6,80,0,0,1,16,1,6,1,6
kafka-ui-api,com.provectus.kafka.ui.model,BrokerMetrics.BrokerMetricsBuilder,18,0,0,0,1,0,4,0,4,0
kafka-ui-api,com.provectus.kafka.ui.model,InternalConsumerGroup.InternalMember,228,25,46,0,5,2,32,3,9,3
kafka-ui-api,com.provectus.kafka.ui.model,InternalClusterMetrics.InternalClusterMetricsBuilder,171,0,0,0,1,0,21,0,21,0
kafka-ui-api,com.provectus.kafka.ui.model,InternalClusterState,871,0,144,0,60,0,113,0,41,0
kafka-ui-api,com.provectus.kafka.ui.model,BrokerMetrics,85,0,14,0,3,0,15,0,8,0
kafka-ui-api,com.provectus.kafka.ui.model,ClusterFeature,0,39,0,0,0,7,0,1,0,1
kafka-ui-api,com.provectus.kafka.ui.model,InternalBrokerDiskUsage.InternalBrokerDiskUsageBuilder,27,0,0,0,1,0,5,0,5,0
kafka-ui-api,com.provectus.kafka.ui.model,InternalReplica,88,25,16,0,1,5,12,5,4,5
kafka-ui-api,com.provectus.kafka.ui.model,InternalLogDirStats.SegmentStats,69,12,8,0,3,4,9,1,5,1
kafka-ui-api,com.provectus.kafka.ui.model,InternalReplica.InternalReplicaBuilder,8,28,0,0,0,1,1,5,1,5
kafka-ui-api,com.provectus.kafka.ui.model,InternalBrokerDiskUsage,109,0,10,0,4,0,14,0,9,0
kafka-ui-api,com.provectus.kafka.ui.model,InternalTopic.InternalTopicBuilder,47,97,0,0,0,1,4,14,4,14
kafka-ui-api,com.provectus.kafka.ui.model,KafkaCluster,458,76,98,0,2,13,55,13,6,13
kafka-ui-api,com.provectus.kafka.ui.model,InternalTopicConfig.InternalTopicConfigBuilder,18,63,0,0,0,1,1,10,1,10
kafka-ui-api,com.provectus.kafka.ui.model,ConsumerPosition,114,29,28,0,0,4,16,5,2,5
kafka-ui-api,com.provectus.kafka.ui.model,Metrics,216,47,44,0,7,12,29,7,7,7
kafka-ui-api,com.provectus.kafka.ui.model,InternalTopicConsumerGroup,355,0,52,0,29,0,44,0,18,0
kafka-ui-api,com.provectus.kafka.ui.model,MetricsConfig,287,37,58,0,5,5,38,5,9,5
kafka-ui-api,com.provectus.kafka.ui.model,InternalPartition.InternalPartitionBuilder,30,60,0,0,0,1,3,9,3,9
kafka-ui-api,com.provectus.kafka.ui.model,InternalSegmentSizeDto.InternalSegmentSizeDtoBuilder,27,0,0,0,1,0,5,0,5,0
kafka-ui-api,com.provectus.kafka.ui.model,InternalConsumerGroup,427,184,83,1,10,41,52,16,10,16
kafka-ui-api,com.provectus.kafka.ui.model,PartitionDistributionStats,13,233,5,15,3,35,7,22,2,17
kafka-ui-api,com.provectus.kafka.ui.model,InternalSegmentSizeDto,127,0,22,0,4,0,20,0,9,0
kafka-ui-api,com.provectus.kafka.ui.model,InternalPartitionsOffsets.Offsets,89,15,20,0,0,3,13,3,3,3
kafka-ui-api,com.provectus.kafka.ui.model,InternalBrokerConfig,204,66,46,0,1,15,27,9,4,9
kafka-ui-api,com.provectus.kafka.ui.model,Metrics.MetricsBuilder,12,42,0,0,0,1,1,7,1,7
kafka-ui-api,com.provectus.kafka.ui.model,Statistics,326,111,76,0,3,19,43,11,5,11
kafka-ui-api,com.provectus.kafka.ui.model,InternalClusterMetrics,678,0,102,0,28,0,77,0,26,0
kafka-ui-api,com.provectus.kafka.ui.model,InternalBroker,383,77,86,0,8,15,54,4,11,4
kafka-ui-api,com.provectus.kafka.ui.model,PartitionsStats,187,95,21,5,5,19,25,10,14,8
kafka-ui-api,com.provectus.kafka.ui.model,InternalTopicConfig,270,113,62,4,1,25,35,14,4,12
kafka-ui-api,com.provectus.kafka.ui.model,KafkaCluster.KafkaClusterBuilder,36,81,0,0,0,1,3,12,3,12
kafka-ui-api,com.provectus.kafka.ui.model,InternalPartitionsOffsets,0,35,0,0,0,6,0,4,0,4
kafka-ui-api,com.provectus.kafka.ui.model,InternalBrokerConfig.InternalBrokerConfigBuilder,14,49,0,0,0,1,1,8,1,8
kafka-ui-api,com.provectus.kafka.ui.model,InternalConsumerGroup.InternalConsumerGroupBuilder,22,77,0,0,0,1,1,12,1,12
kafka-ui-api,com.provectus.kafka.ui.model,InternalPartition,321,49,60,0,5,6,39,7,9,7
kafka-ui-api,com.provectus.kafka.ui.model,InternalTopicConsumerGroup.InternalTopicConsumerGroupBuilder,72,0,0,0,1,0,10,0,10,0
kafka-ui-api,com.provectus.kafka.ui.model,Statistics.StatisticsBuilder,20,70,0,0,0,1,1,11,1,11
kafka-ui-api,com.provectus.kafka.ui.model,InternalTopic,491,352,86,14,6,74,53,26,7,22
kafka-ui-api,com.provectus.kafka.ui.model,InternalLogDirStats,125,94,28,0,2,25,18,8,4,8
kafka-ui-api,com.provectus.kafka.ui.model,MetricsConfig.MetricsConfigBuilder,26,46,0,0,0,1,3,7,3,7
kafka-ui-api,com.provectus.kafka.ui.serdes,SerdesInitializer,66,463,10,28,11,106,12,27,2,18
kafka-ui-api,com.provectus.kafka.ui.serdes,ProducerRecordCreator,2,56,1,5,0,8,1,6,0,4
kafka-ui-api,com.provectus.kafka.ui.serdes,RecordHeaderImpl,14,0,0,0,5,0,3,0,3,0
kafka-ui-api,com.provectus.kafka.ui.serdes,RecordHeadersImpl,6,12,0,0,1,5,1,2,1,2
kafka-ui-api,com.provectus.kafka.ui.serdes,CustomSerdeLoader,168,8,18,0,35,2,16,1,7,1
kafka-ui-api,com.provectus.kafka.ui.serdes,CustomSerdeLoader.CustomSerde,89,15,20,0,0,3,13,3,3,3
kafka-ui-api,com.provectus.kafka.ui.serdes,BuiltInSerde,0,4,0,0,0,3,0,3,0,3
kafka-ui-api,com.provectus.kafka.ui.serdes,ConsumerRecordDeserializer,61,297,4,16,8,60,4,19,0,12
kafka-ui-api,com.provectus.kafka.ui.serdes,PropertyResolverImpl,1,109,1,9,0,20,1,11,0,7
kafka-ui-api,com.provectus.kafka.ui.serdes,SerdeInstance,139,123,1,1,24,13,6,16,5,16
kafka-ui-api,com.provectus.kafka.ui.serdes,ClassloaderUtil,15,0,2,0,5,0,3,0,2,0
kafka-ui-api,com.provectus.kafka.ui.serdes,CustomSerdeLoader.ChildFirstClassloader,91,0,16,0,27,0,12,0,4,0
kafka-ui-api,com.provectus.kafka.ui.serdes,CustomSerdeLoader.ChildFirstClassloader.new Enumeration() {...},23,0,0,0,4,0,3,0,3,0
kafka-ui-api,com.provectus.kafka.ui.serdes,ClusterSerdes,47,101,8,14,9,18,10,12,4,7
kafka-ui-api,com.provectus.kafka.ui.serdes.builtin,ProtobufRawSerde,12,10,0,0,5,3,5,3,5,3
kafka-ui-api,com.provectus.kafka.ui.serdes.builtin,UInt32Serde,20,23,0,0,6,7,4,6,4,6
kafka-ui-api,com.provectus.kafka.ui.serdes.builtin,Int32Serde,22,26,0,0,6,9,2,8,2,8
kafka-ui-api,com.provectus.kafka.ui.serdes.builtin,ProtobufFileSerde.new Serde.Deserializer() {...},3,32,0,0,1,6,0,2,0,2
kafka-ui-api,com.provectus.kafka.ui.serdes.builtin,ProtobufFileSerde.new Serde.Serializer() {...},3,21,0,0,1,4,0,2,0,2
kafka-ui-api,com.provectus.kafka.ui.serdes.builtin,ConsumerOffsetsSerde.new JsonSerializer() {...},0,36,0,2,0,7,0,3,0,2
kafka-ui-api,com.provectus.kafka.ui.serdes.builtin,Base64Serde,5,40,1,1,2,15,2,9,1,9
kafka-ui-api,com.provectus.kafka.ui.serdes.builtin,ProtobufFileSerde,65,122,4,6,15,27,10,13,7,11
kafka-ui-api,com.provectus.kafka.ui.serdes.builtin,ProtobufFileSerde.ProtoSchemaLoader.new Loader() {...},0,21,0,0,0,3,0,3,0,3
kafka-ui-api,com.provectus.kafka.ui.serdes.builtin,UuidBinarySerde,15,97,1,5,5,24,5,10,4,8
kafka-ui-api,com.provectus.kafka.ui.serdes.builtin,StringSerde,8,45,0,0,2,13,3,9,3,9
kafka-ui-api,com.provectus.kafka.ui.serdes.builtin,ProtobufFileSerde.ProtoSchemaLoader,12,365,3,9,3,62,3,14,0,11
kafka-ui-api,com.provectus.kafka.ui.serdes.builtin,ConsumerOffsetsSerde,72,1031,13,7,17,50,17,13,4,11
kafka-ui-api,com.provectus.kafka.ui.serdes.builtin,ProtobufFileSerde.Configuration,4,368,2,12,1,60,2,31,0,26
kafka-ui-api,com.provectus.kafka.ui.serdes.builtin,UInt64Serde,20,23,0,0,6,7,4,6,4,6
kafka-ui-api,com.provectus.kafka.ui.serdes.builtin,Int64Serde,22,26,0,0,6,9,2,8,2,8
kafka-ui-api,com.provectus.kafka.ui.serdes.builtin,HexSerde,25,68,1,3,5,24,3,13,2,12
kafka-ui-api,com.provectus.kafka.ui.serdes.builtin,ProtobufRawSerde.new Serde.Deserializer() {...},0,27,0,0,0,6,0,2,0,2
kafka-ui-api,com.provectus.kafka.ui.serdes.builtin,AvroEmbeddedSerde.new Serde.Deserializer() {...},14,38,1,1,3,6,1,2,0,2
kafka-ui-api,com.provectus.kafka.ui.serdes.builtin,AvroEmbeddedSerde,8,14,0,0,3,5,3,5,3,5
kafka-ui-api,com.provectus.kafka.ui.util.jsonschema,EnumJsonType,0,21,0,0,0,7,0,2,0,2
kafka-ui-api,com.provectus.kafka.ui.util.jsonschema,OneOfFieldSchema,0,27,0,0,0,9,0,3,0,3
kafka-ui-api,com.provectus.kafka.ui.util.jsonschema,JsonType.Type,0,64,0,0,0,13,0,3,0,3
kafka-ui-api,com.provectus.kafka.ui.util.jsonschema,JsonAvroConversion,159,797,16,86,25,141,19,68,4,19
kafka-ui-api,com.provectus.kafka.ui.util.jsonschema,JsonAvroConversion.LogicalTypeConversion,159,360,15,15,30,59,17,21,2,21
kafka-ui-api,com.provectus.kafka.ui.util.jsonschema,JsonType,0,9,0,0,0,4,0,2,0,2
kafka-ui-api,com.provectus.kafka.ui.util.jsonschema,ObjectFieldSchema,0,78,0,2,0,17,0,7,0,6
kafka-ui-api,com.provectus.kafka.ui.util.jsonschema,RefFieldSchema,0,19,0,0,0,5,0,3,0,3
kafka-ui-api,com.provectus.kafka.ui.util.jsonschema,ArrayFieldSchema,0,28,0,0,0,7,0,2,0,2
kafka-ui-api,com.provectus.kafka.ui.util.jsonschema,JsonSchema,336,161,72,10,13,22,50,9,13,5
kafka-ui-api,com.provectus.kafka.ui.util.jsonschema,SimpleJsonType,0,26,0,0,0,9,0,3,0,3
kafka-ui-api,com.provectus.kafka.ui.util.jsonschema,MapFieldSchema,0,37,0,2,0,9,0,4,0,3
kafka-ui-api,com.provectus.kafka.ui.util.jsonschema,JsonSchema.JsonSchemaBuilder,21,51,0,0,0,1,2,8,2,8
kafka-ui-api,com.provectus.kafka.ui.util.jsonschema,SimpleFieldSchema,0,14,0,0,0,4,0,2,0,2
kafka-ui-api,com.provectus.kafka.ui.util.jsonschema,AnyFieldSchema,0,37,0,0,0,9,0,2,0,2
kafka-ui-api,com.provectus.kafka.ui.util.jsonschema,AvroJsonSchemaConverter,29,336,6,27,6,65,6,29,0,14
kafka-ui-api,com.provectus.kafka.ui.util.jsonschema,ProtobufSchemaConverter,13,365,3,35,1,89,3,28,0,8
kafka-ui-api,com.provectus.kafka.ui.model.connect,InternalConnectInfo,180,31,38,0,1,5,24,6,5,6
kafka-ui-api,com.provectus.kafka.ui.model.connect,InternalConnectInfo.InternalConnectInfoBuilder,10,35,0,0,0,1,1,6,1,6
kafka-ui-api,com.provectus.kafka.ui.service.analyze,AnalysisTasksStore,38,127,3,3,10,30,5,9,2,9
kafka-ui-api,com.provectus.kafka.ui.service.analyze,TopicAnalysisService.AnalysisTask,32,167,2,4,8,31,3,6,1,5
kafka-ui-api,com.provectus.kafka.ui.service.analyze,TopicAnalysisStats.SizeStats,0,97,0,0,0,18,0,3,0,3
kafka-ui-api,com.provectus.kafka.ui.service.analyze,TopicAnalysisStats.HourlyCounts,0,72,1,3,0,13,1,6,0,5
kafka-ui-api,com.provectus.kafka.ui.service.analyze,TopicAnalysisService,14,79,1,1,3,14,2,6,1,6
kafka-ui-api,com.provectus.kafka.ui.service.analyze,TopicIdentity,20,88,13,9,0,6,11,5,0,5
kafka-ui-api,com.provectus.kafka.ui.service.analyze,AnalysisTasksStore.RunningAnalysis.RunningAnalysisBuilder,12,42,0,0,0,1,1,7,1,7
kafka-ui-api,com.provectus.kafka.ui.service.analyze,TopicAnalysisStats,12,201,2,6,2,42,2,7,0,5
kafka-ui-api,com.provectus.kafka.ui.service.analyze,AnalysisTasksStore.RunningAnalysis,33,37,0,0,8,2,3,2,3,2
kafka-ui-api,com.provectus.kafka.ui.client,RetryingKafkaConnectClient,114,117,0,0,22,29,21,21,21,21
kafka-ui-api,com.provectus.kafka.ui.client,RetryingKafkaConnectClient.RetryingApiClient,0,43,0,0,0,14,0,2,0,2
kafka-ui-api,com.provectus.kafka.ui.exception,TopicRecreationException,18,0,0,0,4,0,2,0,2,0
kafka-ui-api,com.provectus.kafka.ui.exception,TopicMetadataException,4,7,0,0,2,3,1,2,1,2
kafka-ui-api,com.provectus.kafka.ui.exception,TopicNotFoundException,0,6,0,0,0,3,0,2,0,2
kafka-ui-api,com.provectus.kafka.ui.exception,GlobalErrorWebExceptionHandler,103,196,3,5,24,48,5,12,2,11
kafka-ui-api,com.provectus.kafka.ui.exception,UnprocessableEntityException,6,0,0,0,3,0,2,0,2,0
kafka-ui-api,com.provectus.kafka.ui.exception,FileUploadException,19,0,0,0,5,0,3,0,3,0
kafka-ui-api,com.provectus.kafka.ui.exception,TopicOrPartitionNotFoundException,0,6,0,0,0,3,0,2,0,2
kafka-ui-api,com.provectus.kafka.ui.exception,IllegalEntityStateException,0,6,0,0,0,3,0,2,0,2
kafka-ui-api,com.provectus.kafka.ui.exception,KsqlDbNotFoundException,6,0,0,0,3,0,2,0,2,0
kafka-ui-api,com.provectus.kafka.ui.exception,ClusterNotFoundException,4,6,0,0,2,3,1,2,1,2
kafka-ui-api,com.provectus.kafka.ui.exception,DuplicateEntityException,6,0,0,0,3,0,2,0,2,0
kafka-ui-api,com.provectus.kafka.ui.exception,SchemaCompatibilityException,0,6,0,0,0,3,0,2,0,2
kafka-ui-api,com.provectus.kafka.ui.exception,ConnectNotFoundException,6,0,0,0,3,0,2,0,2,0
kafka-ui-api,com.provectus.kafka.ui.exception,SchemaFailedToDeleteException,13,0,0,0,3,0,2,0,2,0
kafka-ui-api,com.provectus.kafka.ui.exception,TopicAnalysisException,6,0,0,0,3,0,2,0,2,0
kafka-ui-api,com.provectus.kafka.ui.exception,ErrorCode,8,230,1,3,2,34,1,5,0,4
kafka-ui-api,com.provectus.kafka.ui.exception,NotFoundException,0,6,0,0,0,3,0,2,0,2
kafka-ui-api,com.provectus.kafka.ui.exception,CustomBaseException,14,9,0,0,6,4,3,2,3,2
kafka-ui-api,com.provectus.kafka.ui.exception,LogDirNotFoundApiException,0,6,0,0,0,3,0,2,0,2
kafka-ui-api,com.provectus.kafka.ui.exception,JsonAvroConversionException,0,4,0,0,0,2,0,1,0,1
kafka-ui-api,com.provectus.kafka.ui.exception,InvalidRequestApiException,0,6,0,0,0,3,0,2,0,2
kafka-ui-api,com.provectus.kafka.ui.exception,KsqlApiException,11,0,0,0,5,0,3,0,3,0
kafka-ui-api,com.provectus.kafka.ui.exception,SchemaNotFoundException,4,6,0,0,2,3,1,2,1,2
kafka-ui-api,com.provectus.kafka.ui.exception,KafkaConnectConflictReponseException,8,0,0,0,4,0,2,0,2,0
kafka-ui-api,com.provectus.kafka.ui.exception,ValidationException,5,6,0,0,2,3,1,2,1,2
kafka-ui-api,com.provectus.kafka.ui.exception,ReadOnlyModeException,0,6,0,0,0,3,0,2,0,2
kafka-ui-api,com.provectus.kafka.ui.model.schemaregistry,SubjectIdResponse,75,0,14,0,2,0,14,0,7,0
kafka-ui-api,com.provectus.kafka.ui.model.schemaregistry,InternalCompatibilityCheck,62,0,10,0,2,0,12,0,7,0
kafka-ui-api,com.provectus.kafka.ui.model.schemaregistry,InternalNewSchema,121,0,22,0,7,0,20,0,9,0
kafka-ui-api,com.provectus.kafka.ui.model.schemaregistry,InternalCompatibilityLevel,75,0,14,0,2,0,14,0,7,0
kafka-ui-api,com.provectus.kafka.ui.model.schemaregistry,ErrorResponse,98,0,16,0,3,0,17,0,9,0
kafka-ui-api,com.provectus.kafka.ui.service.masking,DataMasking.Mask,131,41,29,9,3,4,21,6,6,2
kafka-ui-api,com.provectus.kafka.ui.service.masking,DataMasking,3,152,3,9,1,34,3,12,0,9
kafka-ui-api,com.provectus.kafka.ui.controller,AclsController,368,6,0,0,90,1,22,1,22,1
kafka-ui-api,com.provectus.kafka.ui.controller,KafkaConnectController,208,406,10,2,44,98,16,22,9,22
kafka-ui-api,com.provectus.kafka.ui.controller,StaticController,61,17,4,0,13,4,6,2,4,2
kafka-ui-api,com.provectus.kafka.ui.controller,ApplicationConfigController.PropertiesMapperImpl,2153,3,232,0,597,1,188,1,65,1
kafka-ui-api,com.provectus.kafka.ui.controller,TopicsController,318,599,5,26,75,123,24,42,19,30
kafka-ui-api,com.provectus.kafka.ui.controller,BrokersController,81,208,0,2,20,44,4,13,4,12
kafka-ui-api,com.provectus.kafka.ui.controller,AccessController,133,10,0,0,38,2,8,2,8,2
kafka-ui-api,com.provectus.kafka.ui.controller,AbstractController,0,47,0,0,0,13,0,8,0,8
kafka-ui-api,com.provectus.kafka.ui.controller,ConsumerGroupsController,257,136,12,1,60,32,18,8,10,8
kafka-ui-api,com.provectus.kafka.ui.controller,AuthController,79,7,4,0,25,2,9,2,7,2
kafka-ui-api,com.provectus.kafka.ui.controller,ApplicationConfigController,185,71,4,0,41,14,18,6,16,6
kafka-ui-api,com.provectus.kafka.ui.controller,ClustersController,109,10,0,0,30,2,7,2,7,2
kafka-ui-api,com.provectus.kafka.ui.controller,SchemasController,332,353,1,15,82,76,17,28,16,21
kafka-ui-api,com.provectus.kafka.ui.controller,MessagesController,189,148,15,7,42,35,17,7,6,7
kafka-ui-api,com.provectus.kafka.ui.controller,KsqlController,169,10,0,0,43,2,9,2,9,2
kafka-ui-api,com.provectus.kafka.ui.config.auth,OAuthProperties.OAuth2Provider,595,0,118,0,15,0,92,0,33,0
kafka-ui-api,com.provectus.kafka.ui.config.auth,DisabledAuthSecurityConfig,16,26,1,1,3,9,2,4,1,4
kafka-ui-api,com.provectus.kafka.ui.config.auth,RoleBasedAccessControlProperties,0,16,0,0,0,5,0,3,0,3
kafka-ui-api,com.provectus.kafka.ui.config.auth,LdapSecurityConfig.UserDetailsMapper,11,0,0,0,2,0,1,0,1,0
kafka-ui-api,com.provectus.kafka.ui.config.auth,AbstractAuthSecurityConfig,0,55,0,0,0,3,0,2,0,2
kafka-ui-api,com.provectus.kafka.ui.config.auth,OAuthProperties,114,0,18,0,13,0,19,0,10,0
kafka-ui-api,com.provectus.kafka.ui.config.auth,OAuthSecurityConfig,204,0,6,0,43,0,21,0,18,0
kafka-ui-api,com.provectus.kafka.ui.config.auth,OAuthPropertiesConverter,128,0,4,0,38,0,7,0,5,0
kafka-ui-api,com.provectus.kafka.ui.config.auth,AuthenticatedUser,0,9,0,0,0,1,0,1,0,1
kafka-ui-api,com.provectus.kafka.ui.config.auth,BasicAuthSecurityConfig,70,0,0,0,18,0,6,0,6,0
kafka-ui-api,com.provectus.kafka.ui.config.auth,LdapSecurityConfig,202,0,18,0,48,0,16,0,7,0
kafka-ui-api,com.provectus.kafka.ui.config.auth,RbacOidcUser,37,0,0,0,8,0,8,0,8,0
kafka-ui-api,com.provectus.kafka.ui.config.auth,RbacLdapUser,48,0,0,0,12,0,10,0,10,0
kafka-ui-api,com.provectus.kafka.ui.config.auth,RbacOAuth2User,25,0,0,0,5,0,5,0,5,0
kafka-ui-api,com.provectus.kafka.ui.config.auth,LdapProperties,462,0,90,0,12,0,72,0,27,0
kafka-ui-api,ksql,KsqlGrammarParser.SelectItemContext,14,0,0,0,6,0,4,0,4,0
kafka-ui-api,ksql,KsqlGrammarParser.NumericLiteralContext,22,6,4,0,5,1,5,1,3,1
kafka-ui-api,ksql,KsqlGrammarParser.TablePropertyContext,40,5,4,0,9,2,9,1,7,1
kafka-ui-api,ksql,KsqlGrammarParser.AssertStreamContext,55,0,4,0,11,0,11,0,9,0
kafka-ui-api,ksql,KsqlGrammarParser.PrintClauseContext,45,0,4,0,11,0,10,0,8,0
kafka-ui-api,ksql,KsqlGrammarParser.NonReservedContext,233,5,4,0,48,2,48,1,46,1
kafka-ui-api,ksql,KsqlGrammarParser.WhenClauseContext,43,0,4,0,11,0,10,0,8,0
kafka-ui-api,ksql,KsqlGrammarParser.BooleanLiteralContext,28,0,4,0,6,0,6,0,4,0
kafka-ui-api,ksql,KsqlGrammarParser.InsertValuesContext,55,0,4,0,11,0,11,0,9,0
kafka-ui-api,ksql,KsqlGrammarParser.WindowUnitContext,73,0,4,0,17,0,16,0,14,0
kafka-ui-api,ksql,KsqlGrammarParser.CastContext,44,0,4,0,9,0,9,0,7,0
kafka-ui-api,ksql,KsqlGrammarParser.SubscriptContext,34,0,4,0,7,0,7,0,5,0
kafka-ui-api,ksql,KsqlGrammarParser.SingleStatementContext,18,11,4,0,5,3,5,2,3,2
kafka-ui-api,ksql,KsqlGrammarParser.DefineVariableContext,44,0,4,0,9,0,9,0,7,0
kafka-ui-api,ksql,KsqlGrammarParser.TypeParameterContext,28,0,4,0,8,0,7,0,5,0
kafka-ui-api,ksql,KsqlGrammarParser.ListConnectorPluginsContext,42,0,4,0,9,0,9,0,7,0
kafka-ui-api,ksql,KsqlGrammarParser.BooleanDefaultContext,28,0,4,0,6,0,6,0,4,0
kafka-ui-api,ksql,KsqlGrammarParser.IdentifierContext,2,12,0,0,1,5,1,3,1,3
kafka-ui-api,ksql,KsqlGrammarParser.SessionWindowExpressionContext,52,0,4,0,12,0,11,0,9,0
kafka-ui-api,ksql,KsqlGrammarParser.LambdaContext,43,0,4,0,9,0,9,0,7,0
kafka-ui-api,ksql,KsqlGrammarParser.IntervalClauseContext,39,0,4,0,10,0,9,0,7,0
kafka-ui-api,ksql,KsqlGrammarParser.ListVariablesContext,37,0,4,0,8,0,8,0,6,0
kafka-ui-api,ksql,KsqlGrammarParser.PredicateContext,26,0,0,0,9,0,5,0,5,0
kafka-ui-api,ksql,KsqlGrammarParser.SearchedCaseContext,53,0,4,0,11,0,11,0,9,0
kafka-ui-api,ksql,KsqlGrammarParser.DropStreamContext,52,6,4,0,11,1,11,1,9,1
kafka-ui-api,ksql,KsqlGrammarParser.ConcatenationContext,37,0,4,0,8,0,8,0,6,0
kafka-ui-api,ksql,KsqlGrammarParser.LimitClauseContext,34,0,4,0,9,0,8,0,6,0
kafka-ui-api,ksql,KsqlGrammarParser.FunctionCallContext,53,0,4,0,11,0,11,0,9,0
kafka-ui-api,ksql,KsqlGrammarParser,9843,3147,644,64,2467,385,450,37,60,21
kafka-ui-api,ksql,KsqlGrammarParser.RegisterTypeContext,64,0,4,0,13,0,13,0,11,0
kafka-ui-api,ksql,KsqlGrammarParser.ColumnConstraintsContext,43,5,4,0,10,2,10,1,8,1
kafka-ui-api,ksql,KsqlGrammarParser.AssertTombstoneContext,60,0,4,0,12,0,12,0,10,0
kafka-ui-api,ksql,KsqlGrammarParser.TerminateQueryContext,38,0,4,0,8,0,8,0,6,0
kafka-ui-api,ksql,KsqlGrammarParser.ComparisonContext,34,0,4,0,7,0,7,0,5,0
kafka-ui-api,ksql,KsqlGrammarParser.ListStreamsContext,36,6,4,0,8,1,8,1,6,1
kafka-ui-api,ksql,KsqlGrammarParser.AliasedRelationContext,40,0,4,0,10,0,9,0,7,0
kafka-ui-api,ksql,KsqlGrammarParser.SetPropertyContext,41,0,4,0,9,0,9,0,7,0
kafka-ui-api,ksql,KsqlGrammarParser.BetweenContext,47,0,4,0,10,0,10,0,8,0
kafka-ui-api,ksql,KsqlGrammarParser.IntegerLiteralContext,26,6,4,0,6,1,6,1,4,1
kafka-ui-api,ksql,KsqlGrammarParser.ListPropertiesContext,37,0,4,0,8,0,8,0,6,0
kafka-ui-api,ksql,KsqlGrammarParser.JoinRelationContext,38,0,4,0,8,0,8,0,6,0
kafka-ui-api,ksql,KsqlGrammarParser.CreateStreamContext,79,6,4,0,16,1,16,1,14,1
kafka-ui-api,ksql,KsqlGrammarParser.AssertValuesContext,54,0,4,0,11,0,11,0,9,0
kafka-ui-api,ksql,KsqlGrammarParser.CreateStreamAsContext,85,0,4,0,17,0,17,0,15,0
kafka-ui-api,ksql,KsqlGrammarParser.DescribeConnectorContext,38,0,4,0,8,0,8,0,6,0
kafka-ui-api,ksql,KsqlGrammarParser.DescribeFunctionContext,38,0,4,0,8,0,8,0,6,0
kafka-ui-api,ksql,KsqlGrammarParser.ComparisonOperatorContext,53,0,4,0,13,0,12,0,10,0
kafka-ui-api,ksql,KsqlGrammarBaseListener,281,0,0,0,279,0,279,0,279,0
kafka-ui-api,ksql,KsqlGrammarParser.TableElementContext,36,5,4,0,8,2,8,1,6,1
kafka-ui-api,ksql,KsqlGrammarParser.ArrayConstructorContext,37,0,4,0,8,0,8,0,6,0
kafka-ui-api,ksql,KsqlGrammarParser.StructConstructorContext,56,0,4,0,12,0,12,0,10,0
kafka-ui-api,ksql,KsqlGrammarParser.WithinExpressionContext,14,0,0,0,6,0,4,0,4,0
kafka-ui-api,ksql,KsqlGrammarParser.ColumnReferenceContext,28,0,4,0,6,0,6,0,4,0
kafka-ui-api,ksql,KsqlGrammarParser.ListFunctionsContext,37,0,4,0,8,0,8,0,6,0
kafka-ui-api,ksql,KsqlGrammarParser.TypeConstructorContext,33,0,4,0,7,0,7,0,5,0
kafka-ui-api,ksql,KsqlGrammarParser.LogicalBinaryContext,42,0,4,0,9,0,9,0,7,0
kafka-ui-api,ksql,KsqlGrammarParser.BooleanValueContext,33,0,4,0,9,0,8,0,6,0
kafka-ui-api,ksql,KsqlGrammarParser.JoinWindowSizeContext,35,0,4,0,9,0,8,0,6,0
kafka-ui-api,ksql,KsqlGrammarParser.QueryStatementContext,28,0,4,0,6,0,6,0,4,0
kafka-ui-api,ksql,KsqlGrammarLexer,16,2177,0,8,8,27,8,9,8,5
kafka-ui-api,ksql,KsqlGrammarParser.TablePropertiesContext,28,5,4,0,7,2,7,1,5,1
kafka-ui-api,ksql,KsqlGrammarParser.LambdaFunctionContext,14,0,0,0,6,0,4,0,4,0
kafka-ui-api,ksql,KsqlGrammarParser.AtTimeZoneContext,39,0,4,0,8,0,8,0,6,0
kafka-ui-api,ksql,KsqlGrammarParser.PrimaryExpressionContext,14,0,0,0,6,0,4,0,4,0
kafka-ui-api,ksql,KsqlGrammarParser.InnerJoinContext,27,0,4,0,6,0,6,0,4,0
kafka-ui-api,ksql,KsqlGrammarParser.VariableLiteralContext,27,0,4,0,6,0,6,0,4,0
kafka-ui-api,ksql,KsqlGrammarParser.VariableIdentifierContext,27,0,4,0,6,0,6,0,4,0
kafka-ui-api,ksql,KsqlGrammarParser.ListQueriesContext,42,0,4,0,9,0,9,0,7,0
kafka-ui-api,ksql,KsqlGrammarParser.WindowExpressionContext,46,0,4,0,11,0,10,0,8,0
kafka-ui-api,ksql,KsqlGrammarParser.TestStatementContext,46,0,4,0,11,0,10,0,8,0
kafka-ui-api,ksql,KsqlGrammarParser.AssertTableContext,55,0,4,0,11,0,11,0,9,0
kafka-ui-api,ksql,KsqlGrammarParser.GroupByContext,33,0,4,0,9,0,8,0,6,0
kafka-ui-api,ksql,KsqlGrammarParser.InsertIntoContext,55,0,4,0,11,0,11,0,9,0
kafka-ui-api,ksql,KsqlGrammarParser.DereferenceContext,39,0,4,0,8,0,8,0,6,0
kafka-ui-api,ksql,KsqlGrammarParser.JoinWindowContext,34,0,4,0,9,0,8,0,6,0
kafka-ui-api,ksql,KsqlGrammarParser.UndefineVariableContext,33,0,4,0,7,0,7,0,5,0
kafka-ui-api,ksql,KsqlGrammarParser.ValuesContext,33,0,4,0,9,0,8,0,6,0
kafka-ui-api,ksql,KsqlGrammarParser.NullPredicateContext,37,0,4,0,8,0,8,0,6,0
kafka-ui-api,ksql,KsqlGrammarParser.DropTableContext,52,6,4,0,11,1,11,1,9,1
kafka-ui-api,ksql,KsqlGrammarParser.AssertStatementContext,14,0,0,0,6,0,4,0,4,0
kafka-ui-api,ksql,KsqlGrammarParser.MapConstructorContext,46,0,4,0,10,0,10,0,8,0
kafka-ui-api,ksql,KsqlGrammarParser.RelationContext,14,0,0,0,6,0,4,0,4,0
kafka-ui-api,ksql,KsqlGrammarParser.CreateTableAsContext,85,0,4,0,17,0,17,0,15,0
kafka-ui-api,ksql,KsqlGrammarParser.DistinctFromContext,48,0,4,0,10,0,10,0,8,0
kafka-ui-api,ksql,KsqlGrammarParser.ValueExpressionDefaultContext,28,0,4,0,6,0,6,0,4,0
kafka-ui-api,ksql,KsqlGrammarParser.DropTypeContext,48,0,4,0,10,0,10,0,8,0
kafka-ui-api,ksql,KsqlGrammarParser.ColumnsContext,33,0,4,0,9,0,8,0,6,0
kafka-ui-api,ksql,KsqlGrammarParser.RelationPrimaryContext,14,0,0,0,6,0,4,0,4,0
kafka-ui-api,ksql,KsqlGrammarParser.LeftJoinContext,32,0,4,0,7,0,7,0,5,0
kafka-ui-api,ksql,KsqlGrammarParser.BackQuotedIdentifierContext,27,0,4,0,6,0,6,0,4,0
kafka-ui-api,ksql,KsqlGrammarParser.JoinWindowWithBeforeAndAfterContext,38,0,4,0,8,0,8,0,6,0
kafka-ui-api,ksql,KsqlGrammarParser.LogicalNotContext,33,0,4,0,7,0,7,0,5,0
kafka-ui-api,ksql,KsqlGrammarParser.BaseTypeContext,24,5,4,0,6,2,6,1,4,1
kafka-ui-api,ksql,KsqlGrammarParser.SelectSingleContext,39,0,4,0,8,0,8,0,6,0
kafka-ui-api,ksql,KsqlGrammarParser.FunctionArgumentContext,35,0,4,0,9,0,8,0,6,0
kafka-ui-api,ksql,KsqlGrammarParser.ArithmeticUnaryContext,38,0,4,0,8,0,8,0,6,0
kafka-ui-api,ksql,KsqlGrammarParser.SourceNameContext,24,5,4,0,6,2,6,1,4,1
kafka-ui-api,ksql,KsqlGrammarParser.SelectAllContext,33,0,4,0,7,0,7,0,5,0
kafka-ui-api,ksql,KsqlGrammarParser.CreateConnectorContext,74,0,4,0,15,0,15,0,13,0
kafka-ui-api,ksql,KsqlGrammarParser.GracePeriodClauseContext,45,0,4,0,11,0,10,0,8,0
kafka-ui-api,ksql,KsqlGrammarParser.UnsetPropertyContext,32,0,4,0,7,0,7,0,5,0
kafka-ui-api,ksql,KsqlGrammarParser.AlterOptionContext,45,0,4,0,11,0,10,0,8,0
kafka-ui-api,ksql,KsqlGrammarParser.ListTopicsContext,47,0,4,0,10,0,10,0,8,0
kafka-ui-api,ksql,KsqlGrammarParser.StatementsContext,29,9,4,0,7,3,7,2,5,2
kafka-ui-api,ksql,KsqlGrammarParser.StringLiteralContext,21,6,4,0,5,1,5,1,3,1
kafka-ui-api,ksql,KsqlGrammarParser.JoinCriteriaContext,34,0,4,0,9,0,8,0,6,0
kafka-ui-api,ksql,KsqlGrammarParser.ExplainContext,39,0,4,0,8,0,8,0,6,0
kafka-ui-api,ksql,KsqlGrammarParser.TimeZoneSpecifierContext,14,0,0,0,6,0,4,0,4,0
kafka-ui-api,ksql,KsqlGrammarParser.TableNameContext,28,0,4,0,6,0,6,0,4,0
kafka-ui-api,ksql,KsqlGrammarParser.DecimalLiteralContext,32,0,4,0,7,0,7,0,5,0
kafka-ui-api,ksql,KsqlGrammarParser.TumblingWindowExpressionContext,57,0,4,0,13,0,12,0,10,0
kafka-ui-api,ksql,KsqlGrammarParser.PartitionByContext,33,0,4,0,9,0,8,0,6,0
kafka-ui-api,ksql,KsqlGrammarParser.DropConnectorContext,48,0,4,0,10,0,10,0,8,0
kafka-ui-api,ksql,KsqlGrammarParser.ParenthesizedExpressionContext,28,0,4,0,6,0,6,0,4,0
kafka-ui-api,ksql,KsqlGrammarParser.SimpleCaseContext,59,0,4,0,12,0,12,0,10,0
kafka-ui-api,ksql,KsqlGrammarParser.UnquotedIdentifierContext,27,6,4,0,6,1,6,1,4,1
kafka-ui-api,ksql,KsqlGrammarParser.LikeContext,48,0,4,0,10,0,10,0,8,0
kafka-ui-api,ksql,KsqlGrammarParser.ExpressionContext,29,0,4,0,8,0,7,0,5,0
kafka-ui-api,ksql,KsqlGrammarParser.TypeContext,94,5,4,0,20,2,20,1,18,1
kafka-ui-api,ksql,KsqlGrammarParser.ShowColumnsContext,38,0,4,0,8,0,8,0,6,0
kafka-ui-api,ksql,KsqlGrammarParser.DigitIdentifierContext,27,0,4,0,6,0,6,0,4,0
kafka-ui-api,ksql,KsqlGrammarParser.QuotedIdentifierAlternativeContext,27,0,4,0,6,0,6,0,4,0
kafka-ui-api,ksql,KsqlGrammarParser.BooleanExpressionContext,14,0,0,0,6,0,4,0,4,0
kafka-ui-api,ksql,KsqlGrammarParser.DescribeStreamsContext,37,0,4,0,8,0,8,0,6,0
kafka-ui-api,ksql,KsqlGrammarParser.LiteralContext,2,12,0,0,1,5,1,3,1,3
kafka-ui-api,ksql,KsqlGrammarParser.RetentionClauseContext,40,0,4,0,10,0,9,0,7,0
kafka-ui-api,ksql,KsqlGrammarParser.QualifiedColumnReferenceContext,32,0,4,0,7,0,7,0,5,0
kafka-ui-api,ksql,KsqlGrammarParser.OuterJoinContext,32,0,4,0,7,0,7,0,5,0
kafka-ui-api,ksql,KsqlGrammarParser.StatementContext,2,12,0,0,1,5,1,3,1,3
kafka-ui-api,ksql,KsqlGrammarParser.FloatLiteralContext,32,0,4,0,7,0,7,0,5,0
kafka-ui-api,ksql,KsqlGrammarParser.RunScriptContext,38,0,4,0,10,0,9,0,7,0
kafka-ui-api,ksql,KsqlGrammarParser.VariableValueContext,28,0,4,0,8,0,7,0,5,0
kafka-ui-api,ksql,KsqlGrammarParser.HoppingWindowExpressionContext,75,0,4,0,17,0,16,0,14,0
kafka-ui-api,ksql,KsqlGrammarParser.ListTablesContext,36,6,4,0,8,1,8,1,6,1
kafka-ui-api,ksql,KsqlGrammarParser.JoinTypeContext,14,0,0,0,6,0,4,0,4,0
kafka-ui-api,ksql,KsqlGrammarParser.SingleJoinWindowContext,34,0,4,0,7,0,7,0,5,0
kafka-ui-api,ksql,KsqlGrammarParser.SingleExpressionContext,34,0,4,0,9,0,8,0,6,0
kafka-ui-api,ksql,KsqlGrammarParser.PredicatedContext,35,0,4,0,9,0,8,0,6,0
kafka-ui-api,ksql,KsqlGrammarParser.RelationDefaultContext,28,0,4,0,6,0,6,0,4,0
kafka-ui-api,ksql,KsqlGrammarParser.QueryContext,128,0,4,0,27,0,26,0,24,0
kafka-ui-api,ksql,KsqlGrammarParser.InListContext,42,0,4,0,9,0,9,0,7,0
kafka-ui-api,ksql,KsqlGrammarParser.NullLiteralContext,27,0,4,0,6,0,6,0,4,0
kafka-ui-api,ksql,KsqlGrammarParser.CreateTableContext,79,6,4,0,16,1,16,1,14,1
kafka-ui-api,ksql,KsqlGrammarParser.ListConnectorsContext,47,0,4,0,10,0,10,0,8,0
kafka-ui-api,ksql,KsqlGrammarParser.VariableNameContext,28,0,4,0,8,0,7,0,5,0
kafka-ui-api,ksql,KsqlGrammarParser.ListTypesContext,37,0,4,0,8,0,8,0,6,0
kafka-ui-api,ksql,KsqlGrammarParser.JoinedSourceContext,52,0,4,0,12,0,11,0,9,0
kafka-ui-api,ksql,KsqlGrammarParser.TableElementsContext,28,5,4,0,7,2,7,1,5,1
kafka-ui-api,ksql,KsqlGrammarParser.NumberContext,2,12,0,0,1,5,1,3,1,3
kafka-ui-api,ksql,KsqlGrammarParser.TimeZoneStringContext,37,0,4,0,8,0,8,0,6,0
kafka-ui-api,ksql,KsqlGrammarParser.PrintTopicContext,44,0,4,0,9,0,9,0,7,0
kafka-ui-api,ksql,KsqlGrammarParser.ArithmeticBinaryContext,57,0,4,0,12,0,12,0,10,0
kafka-ui-api,ksql,KsqlGrammarParser.ResultMaterializationContext,33,0,4,0,9,0,8,0,6,0
kafka-ui-api,ksql,KsqlGrammarParser.LiteralExpressionContext,28,0,4,0,6,0,6,0,4,0
kafka-ui-api,ksql,KsqlGrammarParser.ValueExpressionContext,14,0,0,0,6,0,4,0,4,0
kafka-ui-api,ksql,KsqlGrammarParser.AlterSourceContext,53,0,4,0,11,0,11,0,9,0
kafka-ui-api,com.provectus.kafka.ui.config.auth.logout,CognitoLogoutSuccessHandler,87,0,0,0,24,0,3,0,3,0
kafka-ui-api,com.provectus.kafka.ui.config.auth.logout,OAuthLogoutSuccessHandler,65,0,0,0,14,0,6,0,6,0
kafka-ui-api,com.provectus.kafka.ui.service.rbac,AccessControlService,900,64,119,6,225,17,119,8,55,8
kafka-ui-api,com.provectus.kafka.ui.service.rbac,AbstractProviderCondition,5,37,0,0,0,14,1,3,1,3
kafka-ui-api,com.provectus.kafka.ui.service.acl,AclCsv,15,186,2,12,3,33,3,10,1,5
kafka-ui-api,com.provectus.kafka.ui.service.acl,AclsService,87,475,8,16,17,120,16,30,10,24
kafka-ui-api,com.provectus.kafka.ui.service.audit,AuditRecord,3,37,0,0,1,5,0,3,0,3
kafka-ui-api,com.provectus.kafka.ui.service.audit,AuditRecord.AuditResource,16,156,0,4,0,27,2,12,2,10
kafka-ui-api,com.provectus.kafka.ui.service.audit,AuditWriter,12,112,5,11,3,26,6,11,1,8
kafka-ui-api,com.provectus.kafka.ui.service.audit,AuditRecord.OperationResult.OperationError,0,27,0,0,0,5,0,1,0,1
kafka-ui-api,com.provectus.kafka.ui.service.audit,AuditService,100,367,7,29,27,85,10,29,5,16
kafka-ui-api,com.provectus.kafka.ui.service.audit,AuditRecord.OperationResult,3,37,1,5,1,9,1,5,0,3
kafka-ui-api,com.provectus.kafka.ui.emitter,MessageFilters.new Predicate() {...},12,88,1,1,2,14,1,2,0,2
kafka-ui-api,com.provectus.kafka.ui.emitter,MessageFilters,6,83,1,10,1,22,1,13,0,8
kafka-ui-api,com.provectus.kafka.ui.emitter,RangePollingEmitter,15,188,2,14,6,41,2,13,0,7
kafka-ui-api,com.provectus.kafka.ui.emitter,EnhancedConsumer,17,80,1,1,4,19,5,4,4,4
kafka-ui-api,com.provectus.kafka.ui.emitter,OffsetsInfo,3,154,0,6,1,30,1,15,1,12
kafka-ui-api,com.provectus.kafka.ui.emitter,PolledRecords,1,101,1,11,0,17,1,10,0,5
kafka-ui-api,com.provectus.kafka.ui.emitter,PollingSettings,6,46,1,1,1,14,1,6,0,6
kafka-ui-api,com.provectus.kafka.ui.emitter,TailingEmitter,16,86,1,1,5,24,1,4,0,4
kafka-ui-api,com.provectus.kafka.ui.emitter,PollingThrottler,21,57,3,7,2,16,3,8,1,5
kafka-ui-api,com.provectus.kafka.ui.emitter,RangePollingEmitter.FromToOffset,0,9,0,0,0,1,0,1,0,1
kafka-ui-api,com.provectus.kafka.ui.emitter,ForwardEmitter,0,98,0,4,0,18,0,6,0,4
kafka-ui-api,com.provectus.kafka.ui.emitter,AbstractEmitter,0,50,0,0,0,17,0,7,0,7
kafka-ui-api,com.provectus.kafka.ui.emitter,ResultSizeLimiter,30,0,4,0,8,0,4,0,2,0
kafka-ui-api,com.provectus.kafka.ui.emitter,BackwardEmitter,0,98,0,4,0,18,0,6,0,4
kafka-ui-api,com.provectus.kafka.ui.emitter,MessagesProcessing,10,159,5,15,3,39,5,15,0,10
kafka-ui-api,com.provectus.kafka.ui.emitter,ConsumingStats,7,85,0,0,2,22,1,4,1,4
kafka-ui-api,com.provectus.kafka.ui.emitter,SeekOperations,5,228,2,11,1,42,2,22,0,16
kafka-ui-api,com.provectus.kafka.ui.model.rbac,Permission,279,0,50,0,36,0,45,0,16,0
kafka-ui-api,com.provectus.kafka.ui.model.rbac,AccessContext.AccessContextBuilder,35,204,11,7,6,51,11,18,2,18
kafka-ui-api,com.provectus.kafka.ui.model.rbac,Resource,5,57,0,0,1,10,1,1,1,1
kafka-ui-api,com.provectus.kafka.ui.model.rbac,Role,204,0,38,0,8,0,33,0,14,0
kafka-ui-api,com.provectus.kafka.ui.model.rbac,Subject,26,0,0,0,10,0,7,0,7,0
kafka-ui-api,com.provectus.kafka.ui.model.rbac,AccessContext,548,145,140,0,0,19,72,20,2,20
kafka-ui-api,com.provectus.kafka.ui.service.integration.odd.schema,AvroExtractor,90,418,20,48,14,96,20,34,1,13
kafka-ui-api,com.provectus.kafka.ui.service.integration.odd.schema,ProtoExtractor,17,350,8,27,4,91,8,24,0,12
kafka-ui-api,com.provectus.kafka.ui.service.integration.odd.schema,DataSetFieldsExtractors,31,65,3,7,5,13,4,5,1,2
kafka-ui-api,com.provectus.kafka.ui.service.integration.odd.schema,JsonSchemaExtractor,120,388,27,57,18,102,26,29,2,11
kafka-ui-api,com.provectus.kafka.ui.service,ApplicationInfoService,85,41,8,0,19,8,8,2,4,2
kafka-ui-api,com.provectus.kafka.ui.service,ReactiveAdminClient.SupportedFeature,1,93,2,2,0,17,2,7,0,7
kafka-ui-api,com.provectus.kafka.ui.service,ConsumerGroupService.ConsumerGroupsPage,0,9,0,0,0,1,0,1,0,1
kafka-ui-api,com.provectus.kafka.ui.service,MessagesService,52,495,11,13,6,111,10,35,1,31
kafka-ui-api,com.provectus.kafka.ui.service,KafkaConnectService,140,591,10,8,25,114,21,51,13,48
kafka-ui-api,com.provectus.kafka.ui.service,FeatureService,22,97,11,7,4,24,9,8,0,8
kafka-ui-api,com.provectus.kafka.ui.service,StatisticsCache,0,114,0,0,0,30,0,6,0,6
kafka-ui-api,com.provectus.kafka.ui.service,AdminClientServiceImpl,17,107,0,0,3,21,3,8,3,8
kafka-ui-api,com.provectus.kafka.ui.service,ReactiveAdminClient.ConfigRelatedInfo,6,111,1,7,1,23,2,10,1,7
kafka-ui-api,com.provectus.kafka.ui.service,StatisticsService,14,152,0,0,2,29,2,11,2,11
kafka-ui-api,com.provectus.kafka.ui.service,BrokerService,20,279,0,6,3,53,2,29,2,26
kafka-ui-api,com.provectus.kafka.ui.service,ConsumerGroupService.GroupWithDescr,9,0,0,0,1,0,1,0,1,0
kafka-ui-api,com.provectus.kafka.ui.service,SchemaRegistryService,121,177,0,0,14,36,17,22,17,22
kafka-ui-api,com.provectus.kafka.ui.service,KafkaClusterFactory,246,239,22,10,53,49,26,16,10,16
kafka-ui-api,com.provectus.kafka.ui.service,TopicsService,551,550,34,4,108,109,44,41,25,41
kafka-ui-api,com.provectus.kafka.ui.service,SchemaRegistryService.new TypeReference() {...},0,6,0,0,0,1,0,1,0,1
kafka-ui-api,com.provectus.kafka.ui.service,ClusterService,64,19,0,0,12,2,6,2,6,2
kafka-ui-api,com.provectus.kafka.ui.service,ReactiveAdminClient.ClusterDescription,158,24,36,0,1,4,22,4,4,4
kafka-ui-api,com.provectus.kafka.ui.service,ClustersStorage,0,37,0,0,0,7,0,4,0,4
kafka-ui-api,com.provectus.kafka.ui.service,KafkaConfigSanitizer,0,177,1,11,0,32,1,15,0,10
kafka-ui-api,com.provectus.kafka.ui.service,ReactiveAdminClient.ConfigRelatedInfo.ConfigRelatedInfoBuilder,36,0,0,0,1,0,6,0,6,0
kafka-ui-api,com.provectus.kafka.ui.service,DeserializationService,233,165,6,6,32,36,16,8,12,6
kafka-ui-api,com.provectus.kafka.ui.service,SchemaRegistryService.SubjectWithCompatibilityLevel,65,36,0,0,0,3,13,8,13,8
kafka-ui-api,com.provectus.kafka.ui.service,ConsumerGroupService,330,338,21,6,52,59,42,26,26,24
kafka-ui-api,com.provectus.kafka.ui.service,KafkaConnectService.new TypeReference() {...},0,6,0,0,0,1,0,1,0,1
kafka-ui-api,com.provectus.kafka.ui.service,ReactiveAdminClient,273,1109,18,34,47,201,39,118,26,105
kafka-ui-api,com.provectus.kafka.ui.service,OffsetsResetService,0,381,0,8,0,59,0,37,0,33
kafka-ui-api,com.provectus.kafka.ui.service,ClustersStatisticsScheduler,0,46,0,0,0,12,0,5,0,5
kafka-ui-api,com.provectus.kafka.ui.service.metrics,JmxMetricsRetriever,243,9,22,0,56,4,21,2,10,2
kafka-ui-api,com.provectus.kafka.ui.service.metrics,PrometheusMetricsRetriever,55,80,4,6,11,21,7,6,3,5
kafka-ui-api,com.provectus.kafka.ui.service.metrics,PrometheusEndpointMetricsParser,6,88,3,7,2,16,4,9,1,7
kafka-ui-api,com.provectus.kafka.ui.service.metrics,MetricsCollector,32,96,7,1,6,22,5,11,1,11
kafka-ui-api,com.provectus.kafka.ui.service.metrics,JmxMetricsFormatter,14,169,1,11,4,37,2,11,1,6
kafka-ui-api,com.provectus.kafka.ui.service.metrics,JmxSslSocketFactory.HostAndPort,9,0,0,0,1,0,1,0,1,0
kafka-ui-api,com.provectus.kafka.ui.service.metrics,JmxSslSocketFactory,266,38,26,0,64,13,27,2,14,2
kafka-ui-api,com.provectus.kafka.ui.service.metrics,WellKnownMetrics,0,199,9,25,0,38,9,15,0,7
kafka-ui-api,com.provectus.kafka.ui.service.metrics,RawMetric.SimpleMetric,86,75,21,9,2,5,18,6,3,6
kafka-ui-api,com.provectus.kafka.ui.service.metrics,JmxSslSocketFactory.Ssl,15,0,0,0,1,0,1,0,1,0
kafka-ui-api,com.provectus.kafka.ui.service.metrics,RawMetric,6,7,0,0,1,1,1,1,1,1
kafka-ui-api,com.provectus.kafka.ui.config.auth.condition,ActiveDirectoryCondition.OnActiveDirectory,3,0,0,0,1,0,1,0,1,0
kafka-ui-api,com.provectus.kafka.ui.config.auth.condition,ActiveDirectoryCondition,4,0,0,0,2,0,1,0,1,0
kafka-ui-api,com.provectus.kafka.ui.config.auth.condition,CognitoCondition,4,11,0,0,0,2,1,2,1,2
kafka-ui-api,com.provectus.kafka.ui.config.auth.condition,ActiveDirectoryCondition.OnAuthType,3,0,0,0,1,0,1,0,1,0
